Algorithm,Accuracy,Fold
AdaBoost,0.7171683168316831,5.5
Decision Tree,0.5799356435643565,5.5
Gaussian Process,0.7481188118811881,5.390243902439025
Gradient Boosting,0.7251009900990099,5.5
Linear SVM,0.635419801980198,5.5
Naive Bayes,0.6872376237623763,5.5
Nearest Neighbors,0.6960257425742574,5.5
Neural Net,0.7475247524752475,5.5
QDA,0.6812475247524753,5.5
RBF SVM,0.7418475247524752,5.5
Random Forest,0.6628366336633664,5.5
